name,organizationId,lastName,age
MutantEvilToast,d8291278-afdc-4a66-800f-ed9e960ca9f6,Last Name,15
MutantEvilToast,d8291278-afdc-4a66-800f-ed9e960ca9f6,Last Name,15
MutantEvilToast,d8291278-afdc-4a66-800f-ed9e960ca9f6,Last Name,15
MutantEvilToast,d8291278-afdc-4a66-800f-ed9e960ca9f6,Last Name,15
MutantEvilToast,d8291278-afdc-4a66-800f-ed9e960ca9f6,Last Name,15
MutantEvilToast,d8291278-afdc-4a66-800f-ed9e960ca9f6,Last Name,15
MutantEvilToast,d8291278-afdc-4a66-800f-ed9e960ca9f6,Last Name,15
MutantEvilToast,d8291278-afdc-4a66-800f-ed9e960ca9f6,Last Name,15
MutantEvilToast,d8291278-afdc-4a66-800f-ed9e960ca9f6,Last Name,15
MutantEvilToast,d8291278-afdc-4a66-800f-ed9e960ca9f6,Last Name,15
MutantEvilToast,d8291278-afdc-4a66-800f-ed9e960ca9f6,Last Name,15
MutantEvilToast,d8291278-afdc-4a66-800f-ed9e960ca9f6,Last Name,15
MutantEvilToast,d8291278-afdc-4a66-800f-ed9e960ca9f6,Last Name,15
MutantEvilToast,d8291278-afdc-4a66-800f-ed9e960ca9f6,Last Name,15
MutantEvilToast,d8291278-afdc-4a66-800f-ed9e960ca9f6,Last Name,15
MutantEvilToast,d8291278-afdc-4a66-800f-ed9e960ca9f6,Last Name,15
MutantEvilToast,d8291278-afdc-4a66-800f-ed9e960ca9f6,Last Name,15
MutantEvilToast,d8291278-afdc-4a66-800f-ed9e960ca9f6,Last Name,15
MutantEvilToast,d8291278-afdc-4a66-800f-ed9e960ca9f6,Last Name,15
MutantEvilToast,d8291278-afdc-4a66-800f-ed9e960ca9f6,Last Name,15
MutantEvilToast,d8291278-afdc-4a66-800f-ed9e960ca9f6,Last Name,15
MutantEvilToast,d8291278-afdc-4a66-800f-ed9e960ca9f6,Last Name,15
MutantEvilToast,d8291278-afdc-4a66-800f-ed9e960ca9f6,Last Name,15
MutantEvilToast,d8291278-afdc-4a66-800f-ed9e960ca9f6,Last Name,15
MutantEvilToast,d8291278-afdc-4a66-800f-ed9e960ca9f6,Last Name,15
MutantEvilToast,d8291278-afdc-4a66-800f-ed9e960ca9f6,Last Name,15
MutantEvilToast,d8291278-afdc-4a66-800f-ed9e960ca9f6,Last Name,15
MutantEvilToast,d8291278-afdc-4a66-800f-ed9e960ca9f6,Last Name,15
MutantEvilToast,d8291278-afdc-4a66-800f-ed9e960ca9f6,Last Name,15
MutantEvilToast,d8291278-afdc-4a66-800f-ed9e960ca9f6,Last Name,15
MutantEvilToast,d8291278-afdc-4a66-800f-ed9e960ca9f6,Last Name,15
MutantEvilToast,d8291278-afdc-4a66-800f-ed9e960ca9f6,Last Name,15
MutantEvilToast,d8291278-afdc-4a66-800f-ed9e960ca9f6,Last Name,15
MutantEvilToast,d8291278-afdc-4a66-800f-ed9e960ca9f6,Last Name,15
MutantEvilToast,d8291278-afdc-4a66-800f-ed9e960ca9f6,Last Name,15
MutantEvilToast,d8291278-afdc-4a66-800f-ed9e960ca9f6,Last Name,15
MutantEvilToast,d8291278-afdc-4a66-800f-ed9e960ca9f6,Last Name,15
MutantEvilToast,d8291278-afdc-4a66-800f-ed9e960ca9f6,Last Name,15
MutantEvilToast,d8291278-afdc-4a66-800f-ed9e960ca9f6,Last Name,15
MutantEvilToast,d8291278-afdc-4a66-800f-ed9e960ca9f6,Last Name,15
MutantEvilToast,d8291278-afdc-4a66-800f-ed9e960ca9f6,Last Name,15
MutantEvilToast,d8291278-afdc-4a66-800f-ed9e960ca9f6,Last Name,15
MutantEvilToast,d8291278-afdc-4a66-800f-ed9e960ca9f6,Last Name,15
MutantEvilToast,d8291278-afdc-4a66-800f-ed9e960ca9f6,Last Name,15
MutantEvilToast,d8291278-afdc-4a66-800f-ed9e960ca9f6,Last Name,15
MutantEvilToast,d8291278-afdc-4a66-800f-ed9e960ca9f6,Last Name,15
MutantEvilToast,d8291278-afdc-4a66-800f-ed9e960ca9f6,Last Name,15
MutantEvilToast,d8291278-afdc-4a66-800f-ed9e960ca9f6,Last Name,15
MutantEvilToast,d8291278-afdc-4a66-800f-ed9e960ca9f6,Last Name,15
MutantEvilToast,d8291278-afdc-4a66-800f-ed9e960ca9f6,Last Name,15
MutantEvilToast,d8291278-afdc-4a66-800f-ed9e960ca9f6,Last Name,15
MutantEvilToast,d8291278-afdc-4a66-800f-ed9e960ca9f6,Last Name,15
MutantEvilToast,d8291278-afdc-4a66-800f-ed9e960ca9f6,Last Name,15
MutantEvilToast,d8291278-afdc-4a66-800f-ed9e960ca9f6,Last Name,15
MutantEvilToast,d8291278-afdc-4a66-800f-ed9e960ca9f6,Last Name,15
MutantEvilToast,d8291278-afdc-4a66-800f-ed9e960ca9f6,Last Name,15
MutantEvilToast,d8291278-afdc-4a66-800f-ed9e960ca9f6,Last Name,15
MutantEvilToast,d8291278-afdc-4a66-800f-ed9e960ca9f6,Last Name,15
MutantEvilToast,d8291278-afdc-4a66-800f-ed9e960ca9f6,Last Name,15
MutantEvilToast,d8291278-afdc-4a66-800f-ed9e960ca9f6,Last Name,15
MutantEvilToast,d8291278-afdc-4a66-800f-ed9e960ca9f6,Last Name,15
MutantEvilToast,d8291278-afdc-4a66-800f-ed9e960ca9f6,Last Name,15
MutantEvilToast,d8291278-afdc-4a66-800f-ed9e960ca9f6,Last Name,15
MutantEvilToast,d8291278-afdc-4a66-800f-ed9e960ca9f6,Last Name,15
MutantEvilToast,d8291278-afdc-4a66-800f-ed9e960ca9f6,Last Name,15
MutantEvilToast,d8291278-afdc-4a66-800f-ed9e960ca9f6,Last Name,15
MutantEvilToast,d8291278-afdc-4a66-800f-ed9e960ca9f6,Last Name,15
MutantEvilToast,d8291278-afdc-4a66-800f-ed9e960ca9f6,Last Name,15
MutantEvilToast,d8291278-afdc-4a66-800f-ed9e960ca9f6,Last Name,15
MutantEvilToast,d8291278-afdc-4a66-800f-ed9e960ca9f6,Last Name,15
MutantEvilToast,d8291278-afdc-4a66-800f-ed9e960ca9f6,Last Name,15
MutantEvilToast,d8291278-afdc-4a66-800f-ed9e960ca9f6,Last Name,15
MutantEvilToast,d8291278-afdc-4a66-800f-ed9e960ca9f6,Last Name,15
MutantEvilToast,d8291278-afdc-4a66-800f-ed9e960ca9f6,Last Name,15
MutantEvilToast,d8291278-afdc-4a66-800f-ed9e960ca9f6,Last Name,15
MutantEvilToast,d8291278-afdc-4a66-800f-ed9e960ca9f6,Last Name,15
MutantEvilToast,d8291278-afdc-4a66-800f-ed9e960ca9f6,Last Name,15
MutantEvilToast,d8291278-afdc-4a66-800f-ed9e960ca9f6,Last Name,15
